<?xml version="1.0" encoding="UTF-8"?>
<!DOCTYPE mapper PUBLIC "-//mybatis.org//DTD Mapper 3.0//EN" "http://mybatis.org/dtd/mybatis-3-mapper.dtd">
<mapper namespace="com.hikdata.mapper.TagCatalogMapper">

    <!--校验-->
    <select id="tagCatalogValid" resultType="com.hikdata.entities.TagCatalog">
    select * from tag_catalog where chinese_name = #{chineseName}
    </select>

    <insert id="tagInsert" parameterType="com.hikdata.entities.TagCatalog">
        <selectKey keyProperty="id" order="BEFORE" resultType="java.lang.Integer">
            select  nextval('tag_catalog_id_seq'::regclass) AS id
        </selectKey>
    insert into tag_catalog
    (level_id,chinese_name,english_name,parent_id,uuid,introduction,sort_field,project_id,level_two_type) values
    (#{tagCatalog.levelId},#{tagCatalog.chineseName},#{tagCatalog.englishName},#{tagCatalog.parentId},
    #{tagCatalog.uuid},#{tagCatalog.introduction},#{tagCatalog.sortField},#{tagCatalog.projectId},#{tagCatalog.levelTwoType})
    </insert>

    <select id="tagCatalogQuery" resultType="com.hikdata.entities.TagCatalog">
    SELECT * from tag_catalog where project_id = #{projectId} order by id
    </select>

    <update id="tagCatalogUpdate">
    UPDATE tag_catalog SET
    chinese_name=#{tagCatalog.chineseName},english_name=#{tagCatalog.englishName},introduction=#{tagCatalog.introduction},sort_field=#{tagCatalog.sortField},
    project_id=#{tagCatalog.projectId},level_two_type=#{tagCatalog.levelTwoType}
    WHERE uuid = #{tagCatalog.uuid}
    </update>

    <delete id="tagCatalogDelete">
    DELETE FROM tag_catalog
    WHERE uuid = #{uuid}
    </delete>

    <select id="queryParentIdEqualsUuid" resultType="com.hikdata.entities.QueryUuid">
    SELECT uuid from tag_catalog where parent_id = #{uuid}
    </select>

    <select id="queryTypeByUuid" resultType="com.hikdata.entities.QueryType">
    SELECT level_two_type from tag_catalog where uuid = #{uuid}
    </select>

    <select id="queryChineseNameByUuid" resultType="string">
    SELECT chinese_name from tag_catalog where uuid = #{uuid}
    </select>

    <select id="systemTagQuery" resultType="com.hikdata.entities.TagCatalog">
    SELECT * from tag_catalog where level_id = 1
    </select>

    <select id="nextLevelQuery" resultType="com.hikdata.entities.TagCatalog">
    SELECT * from tag_catalog where parent_id = #{uuid}
    </select>

    <select id="queryDataByUuid" resultType="com.hikdata.entities.TagCatalog">
    SELECT * from tag_catalog where uuid = #{uuid}
    </select>

</mapper>
