<?xml version="1.0" encoding="UTF-8"?>
<!DOCTYPE mapper PUBLIC "-//mybatis.org//DTD Mapper 3.0//EN" "http://mybatis.org/dtd/mybatis-3-mapper.dtd">
<mapper namespace="com.hikdata.mapper.TagCatalogMapper">

    <!--校验-->
    <select id="tagCatalogValid" resultType="com.hikdata.entities.TagCatalog">
    SELECT * from TAG_CATALOG where CHINESE_NAME = #{chineseName}
    </select>

    <insert id="tagInsert" useGeneratedKeys = "true" keyProperty="ID">
    INSERT into TAG_CATALOG
    (LEVEL_ID,CHINESE_NAME,ENGLISH_NAME,PARENT_ID,UUID,INTRODUCTION,SORT_FIELD,PROJECT_ID,LEVEL_TWO_TYPE) values
    (#{tagCatalog.levelId},#{tagCatalog.chineseName},#{tagCatalog.englishName},#{tagCatalog.parentId},
    #{tagCatalog.uuid},#{tagCatalog.introduction},#{tagCatalog.sortField},#{tagCatalog.projectId},#{tagCatalog.levelTwoType})
    </insert>

    <select id="tagCatalogQuery" resultType="com.hikdata.entities.TagCatalog">
    SELECT * from TAG_CATALOG where PROJECT_ID = #{projectId} order by ID
    </select>

    <update id="tagCatalogUpdate">
    UPDATE TAG_CATALOG SET
    CHINESE_NAME=#{tagCatalog.chineseName},ENGLISH_NAME=#{tagCatalog.englishName},INTRODUCTION=#{tagCatalog.introduction},SORT_FIELD=#{tagCatalog.sortField},
    PROJECT_ID=#{tagCatalog.projectId},LEVEL_TWO_TYPE=#{tagCatalog.levelTwoType}
    WHERE UUID = #{tagCatalog.uuid}
    </update>

    <delete id="tagCatalogDelete">
    DELETE FROM TAG_CATALOG
    WHERE UUID = #{uuid}
    </delete>

    <select id="queryParentIdEqualsUuid" resultType="com.hikdata.entities.QueryUuid">
    SELECT UUID from TAG_CATALOG where PARENT_ID = #{uuid}
    </select>

    <select id="queryTypeByUuid" resultType="com.hikdata.entities.QueryType">
    SELECT LEVEL_TWO_TYPE from TAG_CATALOG where UUID = #{uuid}
    </select>

    <select id="queryChineseNameByUuid" resultType="string">
    SELECT CHINESE_NAME from TAG_CATALOG where UUID = #{uuid}
    </select>

    <select id="systemTagQuery" resultType="com.hikdata.entities.TagCatalog">
    SELECT * from TAG_CATALOG where LEVEL_ID = 1
    </select>

    <select id="nextLevelQuery" resultType="com.hikdata.entities.TagCatalog">
    SELECT * from TAG_CATALOG where PARENT_ID = #{uuid}
    </select>

    <select id="queryDataByUuid" resultType="com.hikdata.entities.TagCatalog">
    SELECT * from TAG_CATALOG where UUID = #{uuid}
    </select>

</mapper>
