<?xml version="1.0" encoding="UTF-8"?>
<!DOCTYPE mapper PUBLIC "-//mybatis.org//DTD Mapper 3.0//EN" "http://mybatis.org/dtd/mybatis-3-mapper.dtd">
<mapper namespace="com.hikdata.mapper.TagValueMapper">
    <!--校验-->
    <select id="tagValueValid" resultType="com.hikdata.entities.TagValue">
    SELECT * from TAG_VALUE where TAG_VALUE = #{tagValue}
    </select>

    <insert id="tagValueInsert" useGeneratedKeys="true" keyProperty="ID">
    INSERT into TAG_VALUE
    (SECOND_LEVEL_UUID,TAG_VALUE,DATA_TYPE,PROJECT_ID) values
    (#{tagValue.secondLevelUuid},#{tagValue.tagValue},#{tagValue.dataType},#{tagValue.projectId})
    </insert>

    <select id="tagValueQuery" resultType="com.hikdata.entities.TagValue">
    SELECT * from TAG_VALUE WHERE PROJECT_ID = #{projectId}
    </select>

    <update id="tagValueUpdate">
    UPDATE TAG_VALUE SET
    TAG_VALUE=#{tagValue.tagValue}
    WHERE ID = #{tagValue.id}
    </update>

    <delete id="tagValueDelete">
    DELETE FROM TAG_VALUE
    WHERE ID = #{id}
    </delete>

    <delete id="catalogAndTagValueDelete">
    DELETE FROM TAG_VALUE
    WHERE SECOND_LEVEL_UUID = #{secondLevelUuid}
    </delete>

    <select id="tagValueQueryByUuid" resultType="com.hikdata.entities.TagValue">
    SELECT * from TAG_VALUE where SECOND_LEVEL_UUID = #{secondLevelUuid}
    </select>

    <select id="queryOldTagValueById" resultType="com.hikdata.entities.TagValue">
    SELECT * from TAG_VALUE where ID = #{id}
    </select>
</mapper>