<?xml version="1.0" encoding="UTF-8"?>
<!DOCTYPE configuration PUBLIC "-//mybatis.org//DTD CONFIG 3.0//EN" "http://mybatis.org/dtd/mybatis-3-config.dtd">
<configuration>
    <settings>
        <setting name="logImpl" value="STDOUT_LOGGING"/>
        <setting name="cacheEnabled" value="false"/>
        <setting name="mapUnderscoreToCamelCase" value="true"/>
        <setting name="useGeneratedKeys" value="true" />
        <setting name="defaultExecutorType" value="REUSE" />
        <setting name="defaultStatementTimeout" value="600"/>
    </settings>


</configuration>