<?xml version="1.0" encoding="UTF-8"?>
<!DOCTYPE mapper PUBLIC "-//mybatis.org//DTD Mapper 3.0//EN" "http://mybatis.org/dtd/mybatis-3-mapper.dtd">
<mapper namespace="com.hikdata.mapper.TagValueMapper">
    <!--校验-->
    <select id="tagValueValid" resultType="com.hikdata.entities.TagValue">
    SELECT * from tag_value where tag_value = #{tagValue}
    </select>

    <insert id="tagValueInsert" useGeneratedKeys="true" keyProperty="id">
    INSERT into tag_value
    (second_level_uuid,tag_value,data_type,project_id) values
    (#{tagValue.secondLevelUuid},#{tagValue.tagValue},#{tagValue.dataType},#{tagValue.projectId})
    </insert>

    <select id="tagValueQuery" resultType="com.hikdata.entities.TagValue">
    SELECT * from tag_value WHERE project_id = #{projectId}
    </select>

    <update id="tagValueUpdate">
    UPDATE tag_value SET
    tag_value=#{tagValue.tagValue}
    WHERE id = #{tagValue.id}
    </update>

    <delete id="tagValueDelete">
    DELETE FROM tag_value
    WHERE id = #{id}
    </delete>

    <delete id="catalogAndTagValueDelete">
    DELETE FROM tag_value
    WHERE second_level_uuid = #{secondLevelUuid}
    </delete>

    <select id="tagValueQueryByUuid" resultType="com.hikdata.entities.TagValue">
    SELECT * from tag_value where second_level_uuid = #{secondLevelUuid}
    </select>

    <select id="queryOldTagValueById" resultType="com.hikdata.entities.TagValue">
    SELECT * from tag_value where id = #{id}
    </select>
</mapper>